"","country","region","WHO_REGION","date","latest","cases","deaths","pop","incidence","cfr","mortality","newcases","newdeaths","newcasessmooth","newdeathssmooth","newcasessmoothpp","newdeathssmoothpp","latestcasespp","peakcasespp","peakdate","regioncases","regiondeaths","regionpop","regionnewcases","regionnewdeaths","regionincidence","regioncfr","regionmortality","regionnewcasessmooth","regionnewdeathssmooth","regionnewcasessmoothpp","regionnewdeathssmoothpp"
"1","Brazil","South America","PAHO",2020-03-01,FALSE,2,0,212559.409,0,0,0,0,0,0.28571,0,0,0,16.686,21.8,NA,79,1,1018121.127,26,0,0,1.3,0,7.42857,0.14286,0.001,1e-05
"2","Brazil","South America","PAHO",2020-03-02,FALSE,2,0,212559.409,0,0,0,0,0,0.28571,0,0,0,16.686,21.8,NA,105,6,1018121.127,26,5,0,5.7,0,11,0.85714,0.001,8e-05
"3","Brazil","South America","PAHO",2020-03-03,FALSE,2,0,212559.409,0,0,0,0,0,0.28571,0,0,0,16.686,21.8,NA,130,7,1018121.127,25,1,0,5.4,0,14.42857,1,0.001,1e-04
"4","Brazil","South America","PAHO",2020-03-04,FALSE,4,0,212559.409,0,0,0,2,0,0.42857,0,0,0,16.686,21.8,NA,171,11,1018121.127,41,4,0,6.4,0,20.14286,1.57143,0.002,0.00015
"5","Brazil","South America","PAHO",2020-03-05,FALSE,4,0,212559.409,0,0,0,0,0,0.42857,0,0,0,16.686,21.8,NA,258,12,1018121.127,87,1,0,4.7,0,32.14286,1.71429,0.003,0.00017
"6","Brazil","South America","PAHO",2020-03-06,FALSE,13,0,212559.409,0,0,0,9,0,1.71429,0,0.001,0,16.686,21.8,NA,338,14,1018121.127,80,2,0,4.1,0,43.28571,2,0.004,2e-04
"7","Brazil","South America","PAHO",2020-03-07,FALSE,13,0,212559.409,0,0,0,0,0,1.57143,0,0.001,0,16.686,21.8,NA,515,17,1018121.127,177,3,0.1,3.3,0,66,2.28571,0.006,0.00022
"8","Brazil","South America","PAHO",2020-03-08,FALSE,20,0,212559.409,0,0,0,7,0,2.57143,0,0.001,0,16.686,21.8,NA,674,22,1018121.127,159,5,0.1,3.3,0,85,3,0.008,0.00029
"9","Brazil","South America","PAHO",2020-03-09,FALSE,25,0,212559.409,0,0,0,5,0,3.28571,0,0.002,0,16.686,21.8,NA,773,24,1018121.127,99,2,0.1,3.1,0,95.42857,2.57143,0.009,0.00025
"10","Brazil","South America","PAHO",2020-03-10,FALSE,31,0,212559.409,0,0,0,6,0,4.14286,0,0.002,0,16.686,21.8,NA,986,30,1018121.127,213,6,0.1,3,0,122.28571,3.28571,0.012,0.00032
"11","Brazil","South America","PAHO",2020-03-11,FALSE,38,0,212559.409,0,0,0,7,0,4.85714,0,0.002,0,16.686,21.8,NA,1428,36,1018121.127,442,6,0.1,2.5,0,179.57143,3.57143,0.018,0.00035
"12","Brazil","South America","PAHO",2020-03-12,FALSE,52,0,212559.409,0,0,0,14,0,6.85714,0,0.003,0,16.686,21.8,NA,1915,47,1018121.127,487,11,0.2,2.5,0,236.71429,5,0.023,0.00049
"13","Brazil","South America","PAHO",2020-03-13,FALSE,151,0,212559.409,0.1,0,0,99,0,19.71429,0,0.009,0,16.686,21.8,NA,2817,56,1018121.127,902,9,0.3,2,0,354.14286,6,0.035,0.00059
"14","Brazil","South America","PAHO",2020-03-14,FALSE,151,0,212559.409,0.1,0,0,0,0,19.71429,0,0.009,0,16.686,21.8,NA,3697,65,1018121.127,880,9,0.4,1.8,0,454.57143,6.85714,0.045,0.00067
"15","Brazil","South America","PAHO",2020-03-15,FALSE,162,0,212559.409,0.1,0,0,11,0,20.28571,0,0.01,0,16.686,21.8,NA,4074,77,1018121.127,377,12,0.4,1.9,0,485.71429,7.85714,0.048,0.00077
"16","Brazil","South America","PAHO",2020-03-16,FALSE,200,0,212559.409,0.1,0,0,38,0,25,0,0.012,0,16.686,21.8,NA,5996,108,1018121.127,1922,31,0.6,1.8,0,746.14286,12,0.073,0.00118
"17","Brazil","South America","PAHO",2020-03-17,FALSE,321,1,212559.409,0.2,0.3,0,121,1,41.42857,0.14286,0.019,7e-05,16.686,21.8,NA,8235,146,1018121.127,2239,38,0.8,1.8,0,1035.57143,16.57143,0.102,0.00163
"18","Brazil","South America","PAHO",2020-03-18,FALSE,372,3,212559.409,0.2,0.8,0,51,2,47.71429,0.42857,0.022,2e-04,16.686,21.8,NA,11370,211,1018121.127,3135,65,1.1,1.9,0,1420.28571,25,0.14,0.00246
"19","Brazil","South America","PAHO",2020-03-19,FALSE,621,6,212559.409,0.3,1,0,249,3,81.28571,0.85714,0.038,4e-04,16.686,21.8,NA,16600,294,1018121.127,5230,83,1.6,1.8,0,2097.85714,35.28571,0.206,0.00347
"20","Brazil","South America","PAHO",2020-03-20,FALSE,793,11,212559.409,0.4,1.4,0,172,5,91.71429,1.57143,0.043,0.00074,16.686,21.8,NA,23899,409,1018121.127,7299,115,2.3,1.7,0,3011.71429,50.42857,0.296,0.00495
"21","Brazil","South America","PAHO",2020-03-21,FALSE,1021,15,212559.409,0.5,1.5,0,228,4,124.28571,2.14286,0.058,0.00101,16.686,21.8,NA,31174,526,1018121.127,7275,117,3.1,1.7,0.1,3925.28571,65.85714,0.386,0.00647
"22","Brazil","South America","PAHO",2020-03-22,FALSE,1546,25,212559.409,0.7,1.6,0,525,10,197.71429,3.57143,0.093,0.00168,16.686,21.8,NA,41649,662,1018121.127,10475,136,4.1,1.6,0.1,5367.85714,83.57143,0.527,0.00821
"23","Brazil","South America","PAHO",2020-03-23,FALSE,1924,34,212559.409,0.9,1.8,0,378,9,246.28571,4.85714,0.116,0.00229,16.686,21.8,NA,54484,873,1018121.127,12835,211,5.4,1.6,0.1,6926.85714,109.28571,0.68,0.01073
"24","Brazil","South America","PAHO",2020-03-24,FALSE,2247,46,212559.409,1.1,2,0,323,12,275.14286,6.42857,0.129,0.00302,16.686,21.8,NA,66780,1145,1018121.127,12296,272,6.6,1.7,0.1,8363.57143,142.71429,0.821,0.01402
"25","Brazil","South America","PAHO",2020-03-25,FALSE,2554,59,212559.409,1.2,2.3,0,307,13,311.71429,8,0.147,0.00376,16.686,21.8,NA,80450,1504,1018121.127,13670,359,7.9,1.9,0.1,9868.57143,184.71429,0.969,0.01814
"26","Brazil","South America","PAHO",2020-03-26,FALSE,2985,77,212559.409,1.4,2.6,0,431,18,337.71429,10.14286,0.159,0.00477,16.686,21.8,NA,100599,1956,1018121.127,20149,452,9.9,1.9,0.2,11999.85714,237.42857,1.179,0.02332
"27","Brazil","South America","PAHO",2020-03-27,FALSE,3417,92,212559.409,1.6,2.7,0,432,15,374.85714,11.57143,0.176,0.00544,16.686,21.8,NA,121515,2532,1018121.127,20916,576,11.9,2.1,0.2,13945.14286,303.28571,1.37,0.02979
"28","Brazil","South America","PAHO",2020-03-28,FALSE,3904,111,212559.409,1.8,2.8,0.1,487,19,411.85714,13.71429,0.194,0.00645,16.686,21.8,NA,143855,3235,1018121.127,22340,703,14.1,2.2,0.3,16097.28571,387,1.581,0.03801
"29","Brazil","South America","PAHO",2020-03-29,FALSE,4256,136,212559.409,2,3.2,0.1,352,25,387.14286,15.85714,0.182,0.00746,16.686,21.8,NA,164955,3894,1018121.127,21100,659,16.2,2.4,0.4,17615.14286,461.71429,1.73,0.04535
"30","Brazil","South America","PAHO",2020-03-30,FALSE,4579,159,212559.409,2.2,3.5,0.1,323,23,379.28571,17.85714,0.178,0.0084,16.686,21.8,NA,189475,4671,1018121.127,24520,777,18.6,2.5,0.5,19284.42857,542.57143,1.894,0.05329
"31","Brazil","South America","PAHO",2020-03-31,FALSE,5717,201,212559.409,2.7,3.5,0.1,1138,42,495.71429,22.14286,0.233,0.01042,16.686,21.8,NA,219689,5881,1018121.127,30214,1210,21.6,2.7,0.6,21844.14286,676.57143,2.146,0.06645
"32","Brazil","South America","PAHO",2020-04-01,FALSE,6836,240,212559.409,3.2,3.5,0.1,1119,39,611.71429,25.85714,0.288,0.01216,16.686,21.8,NA,249425,7164,1018121.127,29736,1283,24.5,2.9,0.7,24139.28571,808.57143,2.371,0.07942
"33","Brazil","South America","PAHO",2020-04-02,FALSE,8044,324,212559.409,3.8,4,0.2,1208,84,722.71429,35.28571,0.34,0.0166,16.686,21.8,NA,284333,8867,1018121.127,34908,1703,27.9,3.1,0.9,26247.71429,987.28571,2.578,0.09697
"34","Brazil","South America","PAHO",2020-04-03,FALSE,9056,359,212559.409,4.3,4,0.2,1012,35,805.57143,38.14286,0.379,0.01794,16.686,21.8,NA,320009,10408,1018121.127,35676,1541,31.4,3.3,1,28356.28571,1125.14286,2.785,0.11051
"35","Brazil","South America","PAHO",2020-04-04,FALSE,10360,445,212559.409,4.9,4.3,0.2,1304,86,922.28571,47.71429,0.434,0.02245,16.686,21.8,NA,356507,12159,1018121.127,36498,1751,35,3.4,1.2,30378.85714,1274.85714,2.984,0.12522
"36","Brazil","South America","PAHO",2020-04-05,FALSE,11130,486,212559.409,5.2,4.4,0.2,770,41,982,50,0.462,0.02352,16.686,21.8,NA,390107,13885,1018121.127,33600,1726,38.3,3.6,1.4,32164.57143,1427.28571,3.159,0.14019
"37","Brazil","South America","PAHO",2020-04-06,FALSE,12161,564,212559.409,5.7,4.6,0.3,1031,78,1083.14286,57.85714,0.51,0.02722,16.686,21.8,NA,423764,15910,1018121.127,33657,2025,41.6,3.8,1.6,33469.85714,1605.57143,3.287,0.1577
"38","Brazil","South America","PAHO",2020-04-07,FALSE,14034,686,212559.409,6.6,4.9,0.3,1873,122,1188.14286,69.28571,0.559,0.0326,16.686,21.8,NA,460041,18710,1018121.127,36277,2800,45.2,4.1,1.8,34336,1832.71429,3.372,0.18001
"39","Brazil","South America","PAHO",2020-04-08,FALSE,16170,819,212559.409,7.6,5.1,0.4,2136,133,1333.42857,82.71429,0.627,0.03891,16.686,21.8,NA,499403,21167,1018121.127,39362,2457,49.1,4.2,2.1,35711.14286,2000.42857,3.508,0.19648
"40","Brazil","South America","PAHO",2020-04-09,FALSE,18092,950,212559.409,8.5,5.3,0.4,1922,131,1435.42857,89.42857,0.675,0.04207,16.686,21.8,NA,540540,23737,1018121.127,41137,2570,53.1,4.4,2.3,36601,2124.28571,3.595,0.20865
"41","Brazil","South America","PAHO",2020-04-10,FALSE,19638,1057,212559.409,9.2,5.4,0.5,1546,107,1511.71429,99.71429,0.711,0.04691,16.686,21.8,NA,581861,26264,1018121.127,41321,2527,57.2,4.5,2.6,37407.42857,2265.14286,3.674,0.22248
"42","Brazil","South America","PAHO",2020-04-11,FALSE,20727,1124,212559.409,9.8,5.4,0.5,1089,67,1481,97,0.697,0.04563,16.686,21.8,NA,616350,28671,1018121.127,34489,2407,60.5,4.7,2.8,37120.42857,2358.85714,3.646,0.23169
"43","Brazil","South America","PAHO",2020-04-12,FALSE,22192,1223,212559.409,10.4,5.5,0.6,1465,99,1580.28571,105.28571,0.743,0.04953,16.686,21.8,NA,648149,30774,1018121.127,31799,2103,63.7,4.7,3,36863.14286,2412.71429,3.621,0.23698
"44","Brazil","South America","PAHO",2020-04-13,FALSE,23430,1328,212559.409,11,5.7,0.6,1238,105,1609.85714,109.14286,0.757,0.05135,16.686,21.8,NA,680242,32996,1018121.127,32093,2222,66.8,4.9,3.2,36639.71429,2440.85714,3.599,0.23974
"45","Brazil","South America","PAHO",2020-04-14,FALSE,25262,1532,212559.409,11.9,6.1,0.7,1832,204,1604,120.85714,0.755,0.05686,16.686,21.8,NA,713880,35922,1018121.127,33638,2926,70.1,5,3.5,36262.71429,2458.85714,3.562,0.24151
"46","Brazil","South America","PAHO",2020-04-15,FALSE,28320,1736,212559.409,13.3,6.1,0.8,3058,204,1735.71429,131,0.817,0.06163,16.686,21.8,NA,751438,38957,1018121.127,37558,3035,73.8,5.2,3.8,36005,2541.42857,3.536,0.24962
"47","Brazil","South America","PAHO",2020-04-16,FALSE,30425,1924,212559.409,14.3,6.3,0.9,2105,188,1761.85714,139.14286,0.829,0.06546,16.686,21.8,NA,790674,41689,1018121.127,39236,2732,77.7,5.3,4.1,35733.42857,2564.57143,3.51,0.25189
"48","Brazil","South America","PAHO",2020-04-17,FALSE,33682,2141,212559.409,15.8,6.4,1,3257,217,2006.28571,154.85714,0.944,0.07285,16.686,21.8,NA,831972,44254,1018121.127,41298,2565,81.7,5.3,4.3,35730.14286,2570,3.509,0.25243
"49","Brazil","South America","PAHO",2020-04-18,FALSE,36658,2354,212559.409,17.2,6.4,1.1,2976,213,2275.85714,175.71429,1.071,0.08267,16.686,21.8,NA,868326,46728,1018121.127,36354,2474,85.3,5.4,4.6,35996.57143,2579.57143,3.536,0.25337
"50","Brazil","South America","PAHO",2020-04-19,FALSE,38654,2462,212559.409,18.2,6.4,1.2,1996,108,2351.71429,177,1.106,0.08327,16.686,21.8,NA,900913,49079,1018121.127,32587,2351,88.5,5.4,4.8,36109.14286,2615,3.547,0.25685
"51","Brazil","South America","PAHO",2020-04-20,FALSE,40743,2587,212559.409,19.2,6.3,1.2,2089,125,2473.28571,179.85714,1.164,0.08461,16.686,21.8,NA,936726,51689,1018121.127,35813,2610,92,5.5,5.1,36640.57143,2670.42857,3.599,0.26229
"52","Brazil","South America","PAHO",2020-04-21,FALSE,43079,2741,212559.409,20.3,6.4,1.3,2336,154,2545.28571,172.71429,1.197,0.08125,16.686,21.8,NA,970399,54818,1018121.127,33673,3129,95.3,5.6,5.4,36645.57143,2699.42857,3.599,0.26514
"53","Brazil","South America","PAHO",2020-04-22,FALSE,45757,2906,212559.409,21.5,6.4,1.4,2678,165,2491,167.14286,1.172,0.07863,16.686,21.8,NA,1008921,57821,1018121.127,38522,3003,99.1,5.7,5.7,36783.28571,2694.85714,3.613,0.26469
"54","Brazil","South America","PAHO",2020-04-23,FALSE,50036,3331,212559.409,23.5,6.7,1.6,4279,425,2801.57143,201,1.318,0.09456,16.686,21.8,NA,1053018,61098,1018121.127,44097,3277,103.4,5.8,6,37477.71429,2772.71429,3.681,0.27234
"55","Brazil","South America","PAHO",2020-04-24,FALSE,54043,3704,212559.409,25.4,6.9,1.7,4007,373,2908.71429,223.28571,1.368,0.10505,16.686,21.8,NA,1107626,64075,1018121.127,54608,2977,108.8,5.8,6.3,39379.14286,2831.57143,3.868,0.27812
"56","Brazil","South America","PAHO",2020-04-25,FALSE,59324,4057,212559.409,27.9,6.8,1.9,5281,353,3238,243.28571,1.523,0.11446,16.686,21.8,NA,1153025,66498,1018121.127,45399,2423,113.3,5.8,6.5,40671.28571,2824.28571,3.995,0.2774
"57","Brazil","South America","PAHO",2020-04-26,FALSE,63100,4286,212559.409,29.7,6.8,2,3776,229,3492.28571,260.57143,1.643,0.12259,16.686,21.8,NA,1189832,68299,1018121.127,36807,1801,116.9,5.7,6.7,41274.14286,2745.71429,4.054,0.26968
"58","Brazil","South America","PAHO",2020-04-27,FALSE,67446,4603,212559.409,31.7,6.8,2.2,4346,317,3814.71429,288,1.795,0.13549,16.686,21.8,NA,1222926,70495,1018121.127,33094,2196,120.1,5.8,6.9,40885.71429,2686.57143,4.016,0.26388
"59","Brazil","South America","PAHO",2020-04-28,FALSE,73235,5083,212559.409,34.5,6.9,2.4,5789,480,4308,334.57143,2.027,0.1574,16.686,21.8,NA,1260968,73819,1018121.127,38042,3324,123.9,5.9,7.3,41509.85714,2714.42857,4.077,0.26661
"60","Brazil","South America","PAHO",2020-04-29,FALSE,79685,5513,212559.409,37.5,6.9,2.6,6450,430,4846.85714,372.42857,2.28,0.17521,16.686,21.8,NA,1302915,77264,1018121.127,41947,3445,128,5.9,7.6,41999.14286,2777.57143,4.125,0.27281
"61","Brazil","South America","PAHO",2020-04-30,FALSE,87187,6006,212559.409,41,6.9,2.8,7502,493,5307.28571,382.14286,2.497,0.17978,16.686,21.8,NA,1348550,80653,1018121.127,45635,3389,132.5,6,7.9,42218.85714,2793.57143,4.147,0.27438
"62","Brazil","South America","PAHO",2020-05-01,FALSE,92202,6412,212559.409,43.4,7,3,5015,406,5451.28571,386.85714,2.565,0.182,16.686,21.8,NA,1398483,83568,1018121.127,49933,2915,137.4,6,8.2,41551,2784.71429,4.081,0.27352
"63","Brazil","South America","PAHO",2020-05-02,FALSE,97100,6761,212559.409,45.7,7,3.2,4898,349,5396.57143,386.28571,2.539,0.18173,16.686,21.8,NA,1441574,86287,1018121.127,43091,2719,141.6,6,8.5,41221.28571,2827,4.049,0.27767
"64","Brazil","South America","PAHO",2020-05-03,FALSE,101826,7051,212559.409,47.9,6.9,3.3,4726,290,5532.28571,395,2.603,0.18583,16.686,21.8,NA,1482600,88224,1018121.127,41026,1937,145.6,6,8.7,41824,2846.42857,4.108,0.27958
"65","Brazil","South America","PAHO",2020-05-04,FALSE,108620,7367,212559.409,51.1,6.8,3.5,6794,316,5882,394.85714,2.767,0.18576,16.686,21.8,NA,1521597,90319,1018121.127,38997,2095,149.5,5.9,8.9,42667.28571,2832,4.191,0.27816
"66","Brazil","South America","PAHO",2020-05-05,FALSE,115455,7938,212559.409,54.3,6.9,3.7,6835,571,6031.42857,407.85714,2.838,0.19188,16.686,21.8,NA,1562206,93776,1018121.127,40609,3457,153.4,6,9.2,43034,2851,4.227,0.28003
"67","Brazil","South America","PAHO",2020-05-06,FALSE,126611,8588,212559.409,59.6,6.8,4,11156,650,6703.71429,439.28571,3.154,0.20666,16.686,21.8,NA,1607686,97345,1018121.127,45480,3569,157.9,6.1,9.6,43538.71429,2868.71429,4.276,0.28177
"68","Brazil","South America","PAHO",2020-05-07,FALSE,135773,9190,212559.409,63.9,6.8,4.3,9162,602,6940.85714,454.85714,3.265,0.21399,16.686,21.8,NA,1653435,100497,1018121.127,45749,3152,162.4,6.1,9.9,43555,2834.85714,4.278,0.27844
"69","Brazil","South America","PAHO",2020-05-08,FALSE,146894,10017,212559.409,69.1,6.8,4.7,11121,827,7813.14286,515,3.676,0.24229,16.686,21.8,NA,1699779,103632,1018121.127,46344,3135,167,6.1,10.2,43042.28571,2866.28571,4.228,0.28153
"70","Brazil","South America","PAHO",2020-05-09,FALSE,156061,10656,212559.409,73.4,6.8,5,9167,639,8423,556.42857,3.963,0.26178,16.686,21.8,NA,1745795,106300,1018121.127,46016,2668,171.5,6.1,10.4,43460.14286,2859,4.269,0.28081
"71","Brazil","South America","PAHO",2020-05-10,FALSE,162699,11123,212559.409,76.5,6.8,5.2,6638,467,8696.14286,581.71429,4.091,0.27367,16.686,21.8,NA,1780492,108487,1018121.127,34697,2187,174.9,6.1,10.7,42556,2894.71429,4.18,0.28432
"72","Brazil","South America","PAHO",2020-05-11,FALSE,169594,11653,212559.409,79.8,6.9,5.5,6895,530,8710.57143,612.28571,4.098,0.28805,16.686,21.8,NA,1813822,110401,1018121.127,33330,1914,178.2,6.1,10.8,41746.42857,2868.85714,4.1,0.28178
"73","Brazil","South America","PAHO",2020-05-12,FALSE,178214,12461,212559.409,83.8,7,5.9,8620,808,8965.57143,646.14286,4.218,0.30398,16.686,21.8,NA,1855799,113700,1018121.127,41977,3299,182.3,6.1,11.2,41941.85714,2846.28571,4.12,0.27956
"74","Brazil","South America","PAHO",2020-05-13,FALSE,190137,13240,212559.409,89.5,7,6.2,11923,779,9075.14286,664.57143,4.269,0.31265,16.686,21.8,NA,1900692,116837,1018121.127,44893,3137,186.7,6.1,11.5,41858,2784.57143,4.111,0.2735
"75","Brazil","South America","PAHO",2020-05-14,FALSE,203165,13999,212559.409,95.6,6.9,6.6,13028,759,9627.42857,687,4.529,0.3232,16.686,21.8,NA,1953371,120000,1018121.127,52679,3163,191.9,6.1,11.8,42848,2786.14286,4.209,0.27366
"76","Brazil","South America","PAHO",2020-05-15,FALSE,220291,14962,212559.409,103.6,6.8,7,17126,963,10485.28571,706.42857,4.933,0.33234,16.686,21.8,NA,2008898,123460,1018121.127,55527,3460,197.3,6.1,12.1,44159.85714,2832.57143,4.337,0.27822
"77","Brazil","South America","PAHO",2020-05-16,FALSE,233511,15662,212559.409,109.9,6.7,7.4,13220,700,11064.28571,715.14286,5.205,0.33644,16.686,21.8,NA,2062603,126123,1018121.127,53705,2663,202.6,6.1,12.4,45258.28571,2831.85714,4.445,0.27815
"78","Brazil","South America","PAHO",2020-05-17,FALSE,241080,16118,212559.409,113.4,6.7,7.6,7569,456,11197.28571,713.57143,5.268,0.3357,16.686,21.8,NA,2100036,127812,1018121.127,37433,1689,206.3,6.1,12.6,45649.14286,2760.71429,4.484,0.27116
"79","Brazil","South America","PAHO",2020-05-18,FALSE,255368,16853,212559.409,120.1,6.6,7.9,14288,735,12253.42857,742.85714,5.765,0.34948,16.686,21.8,NA,2147427,130207,1018121.127,47391,2395,210.9,6.1,12.8,47657.85714,2829.42857,4.681,0.27791
"80","Brazil","South America","PAHO",2020-05-19,FALSE,271885,17983,212559.409,127.9,6.6,8.5,16517,1130,13381.57143,788.85714,6.295,0.37112,16.686,21.8,NA,2200258,133535,1018121.127,52831,3328,216.1,6.1,13.1,49208.42857,2833.57143,4.833,0.27831
"81","Brazil","South America","PAHO",2020-05-20,FALSE,291579,18859,212559.409,137.2,6.5,8.9,19694,876,14491.71429,802.71429,6.818,0.37764,16.686,21.8,NA,2258044,136721,1018121.127,57786,3186,221.8,6.1,13.4,51050.28571,2840.57143,5.014,0.279
"82","Brazil","South America","PAHO",2020-05-21,FALSE,310087,20047,212559.409,145.9,6.5,9.4,18508,1188,15274.57143,864,7.186,0.40647,16.686,21.8,NA,2318413,139952,1018121.127,60369,3231,227.7,6,13.7,52148.85714,2850.28571,5.122,0.27996
"83","Brazil","South America","PAHO",2020-05-22,FALSE,330890,21048,212559.409,155.7,6.4,9.9,20803,1001,15799.85714,869.42857,7.433,0.40903,16.686,21.8,NA,2377574,143113,1018121.127,59161,3161,233.5,6,14.1,52668,2807.57143,5.173,0.27576
"84","Brazil","South America","PAHO",2020-05-23,FALSE,347398,22013,212559.409,163.4,6.3,10.4,16508,965,16269.57143,907.28571,7.654,0.42684,16.686,21.8,NA,2437455,145778,1018121.127,59881,2665,239.4,6,14.3,53550.28571,2807.85714,5.26,0.27579
"85","Brazil","South America","PAHO",2020-05-24,FALSE,363211,22666,212559.409,170.9,6.2,10.7,15813,653,17447.28571,935.42857,8.208,0.44008,16.686,21.8,NA,2489241,147535,1018121.127,51786,1757,244.5,5.9,14.5,55600.71429,2817.57143,5.461,0.27674
"86","Brazil","South America","PAHO",2020-05-25,FALSE,374898,23473,212559.409,176.4,6.3,11,11687,807,17075.71429,945.71429,8.033,0.44492,16.686,21.8,NA,2535418,149630,1018121.127,46177,2095,249,5.9,14.7,55427.28571,2774.71429,5.444,0.27253
"87","Brazil","South America","PAHO",2020-05-26,FALSE,391222,24512,212559.409,184.1,6.3,11.5,16324,1039,17048.14286,932.71429,8.02,0.4388,16.686,21.8,NA,2589148,152239,1018121.127,53730,2609,254.3,5.9,15,55555.71429,2672,5.457,0.26244
"88","Brazil","South America","PAHO",2020-05-27,FALSE,411821,25598,212559.409,193.7,6.2,12,20599,1086,17177.42857,962.71429,8.081,0.45292,16.686,21.8,NA,2647793,155793,1018121.127,58645,3554,260.1,5.9,15.3,55678.42857,2724.57143,5.469,0.26761
"89","Brazil","South America","PAHO",2020-05-28,FALSE,438238,26754,212559.409,206.2,6.1,12.6,26417,1156,18307.28571,958.14286,8.613,0.45076,16.686,21.8,NA,2716284,158958,1018121.127,68491,3165,266.8,5.9,15.6,56838.71429,2715.14286,5.583,0.26668
"90","Brazil","South America","PAHO",2020-05-29,FALSE,465166,27878,212559.409,218.8,6,13.1,26928,1124,19182.28571,975.71429,9.024,0.45903,16.686,21.8,NA,2785900,161971,1018121.127,69616,3013,273.6,5.8,15.9,58332.28571,2694,5.729,0.26461
"91","Brazil","South America","PAHO",2020-05-30,FALSE,498440,28834,212559.409,234.5,5.8,13.6,33274,956,21577.42857,974.42857,10.151,0.45843,16.686,21.8,NA,2872358,164633,1018121.127,86458,2662,282.1,5.7,16.2,62129,2693.57143,6.102,0.26456
"92","Brazil","South America","PAHO",2020-05-31,FALSE,514849,29314,212559.409,242.2,5.7,13.8,16409,480,21662.57143,949.71429,10.191,0.4468,16.686,21.8,NA,2929869,166477,1018121.127,57511,1844,287.8,5.7,16.4,62946.85714,2706,6.183,0.26578
"93","Brazil","South America","PAHO",2020-06-01,FALSE,526447,29937,212559.409,247.7,5.7,14.1,11598,623,21649.85714,923.42857,10.185,0.43443,16.686,21.8,NA,2976720,168434,1018121.127,46851,1957,292.4,5.7,16.5,63043.14286,2686.28571,6.192,0.26385
"94","Brazil","South America","PAHO",2020-06-02,FALSE,555383,31199,212559.409,261.3,5.6,14.7,28936,1262,23451.57143,955.28571,11.033,0.44942,16.686,21.8,NA,3048785,171714,1018121.127,72065,3280,299.5,5.6,16.9,65662.42857,2782.14286,6.449,0.27326
"95","Brazil","South America","PAHO",2020-06-03,FALSE,584016,32548,212559.409,274.8,5.6,15.3,28633,1349,24599.28571,992.85714,11.573,0.4671,16.686,21.8,NA,3113129,175629,1018121.127,64344,3915,305.8,5.6,17.3,66476.57143,2833.71429,6.529,0.27833
"96","Brazil","South America","PAHO",2020-06-04,FALSE,614941,34021,212559.409,289.3,5.5,16,30925,1473,25243.28571,1038.14286,11.876,0.4884,16.686,21.8,NA,3184462,179398,1018121.127,71333,3769,312.8,5.6,17.6,66882.57143,2920,6.569,0.2868
"97","Brazil","South America","PAHO",2020-06-05,FALSE,645771,35026,212559.409,303.8,5.4,16.5,30830,1005,25800.71429,1021.14286,12.138,0.4804,16.686,21.8,NA,3259041,182436,1018121.127,74579,3038,320.1,5.6,17.9,67591.57143,2923.57143,6.639,0.28715
"98","Brazil","South America","PAHO",2020-06-06,FALSE,672846,35930,212559.409,316.5,5.3,16.9,27075,904,24915.14286,1013.71429,11.721,0.47691,16.686,21.8,NA,3336357,184904,1018121.127,77316,2468,327.7,5.5,18.2,66285.57143,2895.85714,6.511,0.28443
"99","Brazil","South America","PAHO",2020-06-07,FALSE,691758,36455,212559.409,325.4,5.3,17.2,18912,525,25272.71429,1020.14286,11.89,0.47993,16.686,21.8,NA,3392748,186479,1018121.127,56391,1575,333.2,5.5,18.3,66125.57143,2857.42857,6.495,0.28066
"100","Brazil","South America","PAHO",2020-06-08,FALSE,707412,37134,212559.409,332.8,5.2,17.5,15654,679,25852.14286,1028.14286,12.162,0.4837,16.686,21.8,NA,3442208,188917,1018121.127,49460,2438,338.1,5.5,18.6,66498.28571,2926.14286,6.531,0.28741
"101","Brazil","South America","PAHO",2020-06-09,FALSE,739503,38406,212559.409,347.9,5.2,18.1,32091,1272,26302.85714,1029.57143,12.374,0.48437,16.686,21.8,NA,3511340,192166,1018121.127,69132,3249,344.9,5.5,18.9,66079.28571,2921.71429,6.49,0.28697
"102","Brazil","South America","PAHO",2020-06-10,FALSE,772416,39680,212559.409,363.4,5.1,18.7,32913,1274,26914.28571,1018.85714,12.662,0.47933,16.686,21.8,NA,3587611,195675,1018121.127,76271,3509,352.4,5.5,19.2,67783.14286,2863.71429,6.658,0.28127
"103","Brazil","South America","PAHO",2020-06-11,FALSE,802828,40919,212559.409,377.7,5.1,19.3,30412,1239,26841,985.42857,12.628,0.4636,16.686,21.8,NA,3664135,198901,1018121.127,76524,3226,359.9,5.4,19.5,68524.71429,2786.14286,6.731,0.27366
"104","Brazil","South America","PAHO",2020-06-12,FALSE,828810,41828,212559.409,389.9,5,19.7,25982,909,26148.42857,971.71429,12.302,0.45715,16.686,21.8,NA,3734970,201661,1018121.127,70835,2760,366.8,5.4,19.8,67989.85714,2746.42857,6.678,0.26975
"105","Brazil","South America","PAHO",2020-06-13,FALSE,850514,42720,212559.409,400.1,5,20.1,21704,892,25381.14286,970,11.941,0.45634,16.686,21.8,NA,3807624,204456,1018121.127,72654,2795,374,5.4,20.1,67323.85714,2793.14286,6.613,0.27434
"106","Brazil","South America","PAHO",2020-06-14,FALSE,867624,43332,212559.409,408.2,5,20.4,17110,612,25123.71429,982.42857,11.82,0.46219,16.686,21.8,NA,3871482,206473,1018121.127,63858,2017,380.3,5.3,20.3,68390.57143,2856.28571,6.717,0.28054
"107","Brazil","South America","PAHO",2020-06-15,FALSE,888271,43959,212559.409,417.9,4.9,20.7,20647,627,25837,975,12.155,0.4587,16.686,21.8,NA,3929890,208336,1018121.127,58408,1863,386,5.3,20.5,69668.85714,2774.14286,6.843,0.27248
"108","Brazil","South America","PAHO",2020-06-16,FALSE,923189,45241,212559.409,434.3,4.9,21.3,34918,1282,26240.85714,976.42857,12.345,0.45937,16.686,21.8,NA,4009903,211661,1018121.127,80013,3325,393.9,5.3,20.8,71223.28571,2785,6.996,0.27354
"109","Brazil","South America","PAHO",2020-06-17,FALSE,955377,46510,212559.409,449.5,4.9,21.9,32188,1269,26137.28571,975.71429,12.296,0.45903,16.686,21.8,NA,4087294,215117,1018121.127,77391,3456,401.5,5.3,21.1,71383.28571,2777.42857,7.011,0.2728
"110","Brazil","South America","PAHO",2020-06-18,FALSE,978142,47748,212559.409,460.2,4.9,22.5,22765,1238,25044.85714,975.57143,11.783,0.45896,16.686,21.8,NA,4161435,218466,1018121.127,74141,3349,408.7,5.2,21.5,71042.85714,2795,6.978,0.27453
"111","Brazil","South America","PAHO",2020-06-19,FALSE,1032913,48954,212559.409,485.9,4.7,23,54771,1206,29157.57143,1018,13.717,0.47892,16.686,21.8,NA,4272186,221764,1018121.127,110751,3298,419.6,5.2,21.8,76745.14286,2871.85714,7.538,0.28207
"112","Brazil","South America","PAHO",2020-06-20,FALSE,1067579,49976,212559.409,502.2,4.7,23.5,34666,1022,31009.28571,1036.57143,14.589,0.48766,16.686,21.8,NA,4361242,224427,1018121.127,89056,2663,428.4,5.1,22,79088.28571,2853,7.768,0.28022
"113","Brazil","South America","PAHO",2020-06-21,FALSE,1083341,50591,212559.409,509.7,4.7,23.8,15762,615,30816.71429,1037,14.498,0.48786,16.686,21.8,NA,4427197,227035,1018121.127,65955,2608,434.8,5.1,22.3,79387.85714,2937.42857,7.797,0.28851
"114","Brazil","South America","PAHO",2020-06-22,FALSE,1106470,51271,212559.409,520.5,4.6,24.1,23129,680,31171.28571,1044.57143,14.665,0.49143,16.686,21.8,NA,4502012,229309,1018121.127,74815,2274,442.2,5.1,22.5,81731.71429,2996.14286,8.028,0.29428
"115","Brazil","South America","PAHO",2020-06-23,FALSE,1145906,52645,212559.409,539.1,4.6,24.8,39436,1374,31816.71429,1057.71429,14.968,0.49761,16.686,21.8,NA,4601403,232810,1018121.127,99391,3501,452,5.1,22.9,84500,3021.28571,8.3,0.29675
"116","Brazil","South America","PAHO",2020-06-24,FALSE,1188631,53830,212559.409,559.2,4.5,25.3,42725,1185,33322,1045.71429,15.677,0.49196,16.686,21.8,NA,4702225,236365,1018121.127,100822,3555,461.9,5,23.2,87847.28571,3035.42857,8.628,0.29814
"117","Brazil","South America","PAHO",2020-06-25,FALSE,1228114,54971,212559.409,577.8,4.5,25.9,39483,1141,35710.28571,1031.85714,16.8,0.48544,16.686,21.8,NA,4809619,239527,1018121.127,107394,3162,472.4,5,23.5,92597.71429,3008.71429,9.095,0.29552
"118","Brazil","South America","PAHO",2020-06-26,FALSE,1274974,55961,212559.409,599.8,4.4,26.3,46860,990,34580.14286,1001,16.268,0.47093,16.686,21.8,NA,4927080,242609,1018121.127,117461,3082,483.9,4.9,23.8,93556.28571,2977.85714,9.189,0.29249
"119","Brazil","South America","PAHO",2020-06-27,FALSE,1313667,57070,212559.409,618,4.3,26.8,38693,1109,35155.42857,1013.42857,16.539,0.47677,16.686,21.8,NA,5032632,245591,1018121.127,105552,2982,494.3,4.9,24.1,95912.85714,3023.42857,9.421,0.29696
"120","Brazil","South America","PAHO",2020-06-28,FALSE,1344143,57622,212559.409,632.4,4.3,27.1,30476,552,37257.42857,1004.42857,17.528,0.47254,16.686,21.8,NA,5126564,247405,1018121.127,93932,1814,503.5,4.8,24.3,99909.57143,2910,9.813,0.28582
"121","Brazil","South America","PAHO",2020-06-29,FALSE,1368195,58314,212559.409,643.7,4.3,27.4,24052,692,37389.28571,1006.14286,17.59,0.47335,16.686,21.8,NA,5212315,249593,1018121.127,85751,2188,512,4.8,24.5,101471.85714,2897.71429,9.967,0.28461
"122","Brazil","South America","PAHO",2020-06-30,FALSE,1402041,59594,212559.409,659.6,4.3,28,33846,1280,36590.71429,992.71429,17.214,0.46703,16.686,21.8,NA,5315167,252729,1018121.127,102852,3136,522.1,4.8,24.8,101966.28571,2845.57143,10.015,0.27949
"123","Brazil","South America","PAHO",2020-07-01,FALSE,1448753,60632,212559.409,681.6,4.2,28.5,46712,1038,37160.28571,971.71429,17.482,0.45715,16.686,21.8,NA,5439139,255911,1018121.127,123972,3182,534.2,4.7,25.1,105273.42857,2792.28571,10.34,0.27426
"124","Brazil","South America","PAHO",2020-07-02,FALSE,1496858,61884,212559.409,704.2,4.1,29.1,48105,1252,38392,987.57143,18.062,0.46461,16.686,21.8,NA,5569693,259399,1018121.127,130554,3488,547.1,4.7,25.5,108582,2838.85714,10.665,0.27883
"125","Brazil","South America","PAHO",2020-07-03,FALSE,1539081,63174,212559.409,724.1,4.1,29.7,42223,1290,37729.57143,1030.42857,17.75,0.48477,16.686,21.8,NA,5691641,262739,1018121.127,121948,3340,559,4.6,25.8,109223,2875.71429,10.728,0.28245
"126","Brazil","South America","PAHO",2020-07-04,FALSE,1577004,64265,212559.409,741.9,4.1,30.2,37923,1091,37619.57143,1027.85714,17.698,0.48356,16.686,21.8,NA,5803033,265408,1018121.127,111392,2669,570,4.6,26.1,110057.28571,2831,10.81,0.27806
"127","Brazil","South America","PAHO",2020-07-05,FALSE,1603055,64867,212559.409,754.2,4,30.5,26051,602,36987.42857,1035,17.401,0.48692,16.686,21.8,NA,5904051,267172,1018121.127,101018,1764,579.9,4.5,26.2,111069.57143,2823.85714,10.909,0.27736
"128","Brazil","South America","PAHO",2020-07-06,FALSE,1623284,65487,212559.409,763.7,4,30.8,20229,620,36441.28571,1024.71429,17.144,0.48208,16.686,21.8,NA,5991389,269302,1018121.127,87338,2130,588.5,4.5,26.5,111296.28571,2815.57143,10.932,0.27655
"129","Brazil","South America","PAHO",2020-07-07,FALSE,1668589,66741,212559.409,785,4,31.4,45305,1254,38078.28571,1021,17.914,0.48034,16.686,21.8,NA,6123182,273335,1018121.127,131793,4033,601.4,4.5,26.8,115430.71429,2943.71429,11.338,0.28913
"130","Brazil","South America","PAHO",2020-07-08,FALSE,1713160,67964,212559.409,806,4,32,44571,1223,37772.42857,1047.42857,17.77,0.49277,16.686,21.8,NA,6254057,276923,1018121.127,130875,3588,614.3,4.4,27.2,116416.85714,3001.71429,11.434,0.29483
"131","Brazil","South America","PAHO",2020-07-09,FALSE,1755779,69184,212559.409,826,3.9,32.5,42619,1220,36988.71429,1042.85714,17.402,0.49062,16.686,21.8,NA,6389857,280568,1018121.127,135800,3645,627.6,4.4,27.6,117166.28571,3024.14286,11.508,0.29703
"132","Brazil","South America","PAHO",2020-07-10,FALSE,1800827,70398,212559.409,847.2,3.9,33.1,45048,1214,37392.28571,1032,17.591,0.48551,16.686,21.8,NA,6533836,284097,1018121.127,143979,3529,641.8,4.3,27.9,120313.57143,3051.14286,11.817,0.29968
"133","Brazil","South America","PAHO",2020-07-11,FALSE,1839850,71469,212559.409,865.6,3.9,33.6,39023,1071,37549.42857,1029.14286,17.665,0.48417,16.686,21.8,NA,6662092,287180,1018121.127,128256,3083,654.4,4.3,28.2,122722.71429,3110.28571,12.054,0.30549
"134","Brazil","South America","PAHO",2020-07-12,FALSE,1864681,72100,212559.409,877.3,3.9,33.9,24831,631,37375.14286,1033.28571,17.583,0.48612,16.686,21.8,NA,6771536,289234,1018121.127,109444,2054,665.1,4.3,28.4,123926.42857,3151.71429,12.172,0.30956
"135","Brazil","South America","PAHO",2020-07-13,FALSE,1884967,72833,212559.409,886.8,3.9,34.3,20286,733,37383.28571,1049.42857,17.587,0.49371,16.686,21.8,NA,6875391,291426,1018121.127,103855,2192,675.3,4.2,28.6,126286,3160.57143,12.404,0.31043
"136","Brazil","South America","PAHO",2020-07-14,FALSE,1926824,74133,212559.409,906.5,3.8,34.9,41857,1300,36890.71429,1056,17.355,0.4968,16.686,21.8,NA,7014563,295181,1018121.127,139172,3755,689,4.2,29,127340.14286,3120.85714,12.507,0.30653
"137","Brazil","South America","PAHO",2020-07-15,FALSE,1966748,75366,212559.409,925.3,3.8,35.5,39924,1233,36226.85714,1057.42857,17.043,0.49747,16.686,21.8,NA,7152028,298750,1018121.127,137465,3569,702.5,4.2,29.3,128281.57143,3118.14286,12.6,0.30626
"138","Brazil","South America","PAHO",2020-07-16,FALSE,2012151,76688,212559.409,946.6,3.8,36.1,45403,1322,36624.57143,1072,17.23,0.50433,16.686,21.8,NA,7307920,302496,1018121.127,155892,3746,717.8,4.1,29.7,131151.85714,3132.57143,12.882,0.30768
"139","Brazil","South America","PAHO",2020-07-17,FALSE,2046328,77851,212559.409,962.7,3.8,36.6,34177,1163,35071.57143,1064.71429,16.5,0.5009,16.686,21.8,NA,7449987,307133,1018121.127,142067,4637,731.7,4.1,30.2,130878.71429,3290.85714,12.855,0.32323
"140","Brazil","South America","PAHO",2020-07-18,FALSE,2074860,78772,212559.409,976.1,3.8,37.1,28532,921,33572.85714,1043.28571,15.795,0.49082,16.686,21.8,NA,7579103,310288,1018121.127,129116,3155,744.4,4.1,30.5,131001.57143,3301.14286,12.867,0.32424
"141","Brazil","South America","PAHO",2020-07-19,FALSE,2098389,79488,212559.409,987.2,3.8,37.4,23529,716,33386.85714,1055.42857,15.707,0.49653,16.686,21.8,NA,7693717,312444,1018121.127,114614,2156,755.7,4.1,30.7,131740.14286,3315.71429,12.94,0.32567
"142","Brazil","South America","PAHO",2020-07-20,FALSE,2118646,80120,212559.409,996.7,3.8,37.7,20257,632,33382.71429,1041,15.705,0.48975,16.686,21.8,NA,7804902,314726,1018121.127,111185,2282,766.6,4,30.9,132787.28571,3328.57143,13.042,0.32693
"143","Brazil","South America","PAHO",2020-07-21,FALSE,2159654,81487,212559.409,1016,3.8,38.3,41008,1367,33261.42857,1050.57143,15.648,0.49425,16.686,21.8,NA,7944041,318961,1018121.127,139139,4235,780.3,4,31.3,132782.57143,3397.14286,13.042,0.33367
"144","Brazil","South America","PAHO",2020-07-22,FALSE,2227514,82771,212559.409,1047.9,3.7,38.9,67860,1284,37252.28571,1057.85714,17.526,0.49768,16.686,21.8,NA,8117703,323015,1018121.127,173662,4054,797.3,4,31.7,137953.57143,3466.42857,13.55,0.34047
"145","Brazil","South America","PAHO",2020-07-23,FALSE,2287475,84082,212559.409,1076.2,3.7,39.6,59961,1311,39332,1056.28571,18.504,0.49694,16.686,21.8,NA,8284463,330793,1018121.127,166760,7778,813.7,4,32.5,139506.14286,4042.42857,13.702,0.39705
"146","Brazil","South America","PAHO",2020-07-24,FALSE,2343366,85238,212559.409,1102.5,3.6,40.1,55891,1156,42434,1055.28571,19.963,0.49647,16.686,21.8,NA,8450350,334754,1018121.127,165887,3961,830,4,32.9,142909,3945.85714,14.037,0.38756
"147","Brazil","South America","PAHO",2020-07-25,FALSE,2394513,86449,212559.409,1126.5,3.6,40.7,51147,1211,45664.71429,1096.71429,21.483,0.51596,16.686,21.8,NA,8598213,338315,1018121.127,147863,3561,844.5,3.9,33.2,145587.14286,4003.85714,14.3,0.39326
"148","Brazil","South America","PAHO",2020-07-26,FALSE,2419091,87004,212559.409,1138.1,3.6,40.9,24578,555,45814.57143,1073.71429,21.554,0.50514,16.686,21.8,NA,8706506,340215,1018121.127,108293,1900,855.2,3.9,33.4,144684.14286,3967.28571,14.211,0.38967
"149","Brazil","South America","PAHO",2020-07-27,FALSE,2442375,87618,212559.409,1149,3.6,41.2,23284,614,46247,1071.14286,21.757,0.50393,16.686,21.8,NA,8827467,343557,1018121.127,120961,3342,867,3.9,33.7,146080.71429,4118.71429,14.348,0.40454
"150","Brazil","South America","PAHO",2020-07-28,FALSE,2483191,88539,212559.409,1168.2,3.6,41.7,40816,921,46219.57143,1007.42857,21.744,0.47395,16.686,21.8,NA,8972505,347650,1018121.127,145038,4093,881.3,3.9,34.1,146923.42857,4098.42857,14.431,0.40255
"151","Brazil","South America","PAHO",2020-07-29,FALSE,2552265,90134,212559.409,1200.7,3.5,42.4,69074,1595,46393,1051.85714,21.826,0.49485,16.686,21.8,NA,9149575,352199,1018121.127,177070,4549,898.7,3.8,34.6,147410.28571,4169.14286,14.479,0.40949
"152","Brazil","South America","PAHO",2020-07-30,FALSE,2610102,91263,212559.409,1227.9,3.5,42.9,57837,1129,46089.57143,1025.85714,21.683,0.48262,16.686,21.8,NA,9310614,356078,1018121.127,161039,3879,914.5,3.8,35,146593,3612.14286,14.398,0.35479
"153","Brazil","South America","PAHO",2020-07-31,FALSE,2662485,92475,212559.409,1252.6,3.5,43.5,52383,1212,45588.42857,1033.85714,21.447,0.48639,16.686,21.8,NA,9473181,360183,1018121.127,162567,4105,930.5,3.8,35.4,146118.71429,3632.71429,14.352,0.35681
"154","Brazil","South America","PAHO",2020-08-01,FALSE,2707877,93563,212559.409,1273.9,3.5,44,45392,1088,44766.28571,1016.28571,21.061,0.47812,16.686,21.8,NA,9613812,363776,1018121.127,140631,3593,944.3,3.8,35.7,145085.57143,3637.28571,14.25,0.35725
"155","Brazil","South America","PAHO",2020-08-02,FALSE,2733677,94104,212559.409,1286.1,3.4,44.3,25800,541,44940.85714,1014.28571,21.143,0.47718,16.686,21.8,NA,9737699,366236,1018121.127,123887,2460,956.4,3.8,36,147313.28571,3717.28571,14.469,0.36511
"156","Brazil","South America","PAHO",2020-08-03,FALSE,2750318,94665,212559.409,1293.9,3.4,44.5,16641,561,43991.85714,1006.71429,20.696,0.47362,16.686,21.8,NA,9831735,368626,1018121.127,94036,2390,965.7,3.7,36.2,143466.85714,3581.28571,14.091,0.35175
"157","Brazil","South America","PAHO",2020-08-04,FALSE,2801921,95819,212559.409,1318.2,3.4,45.1,51603,1154,45532.85714,1040,21.421,0.48927,16.686,21.8,NA,9977656,372987,1018121.127,145921,4361,980,3.7,36.6,143593,3619.57143,14.104,0.35551
"158","Brazil","South America","PAHO",2020-08-05,FALSE,2859073,97256,212559.409,1345.1,3.4,45.8,57152,1437,43829.71429,1017.42857,20.62,0.47866,16.686,21.8,NA,10132245,377577,1018121.127,154589,4590,995.2,3.7,37.1,140381.42857,3625.42857,13.788,0.35609
"159","Brazil","South America","PAHO",2020-08-06,FALSE,2912212,98493,212559.409,1370.1,3.4,46.3,53139,1237,43158.57143,1032.85714,20.304,0.48591,16.686,21.8,NA,10290178,381900,1018121.127,157933,4323,1010.7,3.7,37.5,139937.71429,3688.85714,13.745,0.36232
"160","Brazil","South America","PAHO",2020-08-07,FALSE,2962442,99572,212559.409,1393.7,3.4,46.8,50230,1079,42851,1013.85714,20.16,0.47698,16.686,21.8,NA,10443066,385998,1018121.127,152888,4098,1025.7,3.7,37.9,138555,3687.85714,13.609,0.36222
"161","Brazil","South America","PAHO",2020-08-08,FALSE,3012412,100477,212559.409,1417.2,3.3,47.3,49970,905,43505,987.71429,20.467,0.46468,16.686,21.8,NA,10581169,389353,1018121.127,138103,3355,1039.3,3.7,38.2,138193.85714,3653.85714,13.573,0.35888
"162","Brazil","South America","PAHO",2020-08-09,FALSE,3035422,101049,212559.409,1428,3.3,47.5,23010,572,43106.42857,992.14286,20.28,0.46676,16.686,21.8,NA,10693384,391787,1018121.127,112215,2434,1050.3,3.7,38.5,136526.42857,3650.14286,13.41,0.35852
"163","Brazil","South America","PAHO",2020-08-10,FALSE,3057470,101752,212559.409,1438.4,3.3,47.9,22048,703,43878.85714,1012.42857,20.643,0.4763,16.686,21.8,NA,10802004,394649,1018121.127,108620,2862,1061,3.7,38.8,138609.85714,3717.57143,13.614,0.36514
"164","Brazil","South America","PAHO",2020-08-11,FALSE,3109630,103026,212559.409,1462.9,3.3,48.5,52160,1274,43958.42857,1029.57143,20.681,0.48437,16.686,21.8,NA,10944769,398913,1018121.127,142765,4264,1075,3.6,39.2,138159,3703.71429,13.57,0.36378
"165","Brazil","South America","PAHO",2020-08-12,FALSE,3164785,104201,212559.409,1488.9,3.3,49,55155,1175,43673.14286,992.14286,20.546,0.46676,16.686,21.8,NA,11093833,403177,1018121.127,149064,4264,1089.6,3.6,39.6,137369.71429,3657.14286,13.492,0.35921
"166","Brazil","South America","PAHO",2020-08-13,FALSE,3224876,105463,212559.409,1517.2,3.3,49.6,60091,1262,44666.28571,995.71429,21.014,0.46844,16.686,21.8,NA,11252731,407105,1018121.127,158898,3928,1105.2,3.6,40,137507.57143,3600.71429,13.506,0.35366
"167","Brazil","South America","PAHO",2020-08-14,FALSE,3275520,106523,212559.409,1541,3.3,50.1,50644,1060,44725.42857,993,21.041,0.46716,16.686,21.8,NA,11421194,415022,1018121.127,168463,7917,1121.8,3.6,40.8,139732.57143,4146.28571,13.725,0.40725
"168","Brazil","South America","PAHO",2020-08-15,FALSE,3317096,107232,212559.409,1560.6,3.2,50.4,41576,709,43526.28571,965,20.477,0.45399,16.686,21.8,NA,11545514,418108,1018121.127,124320,3086,1134,3.6,41.1,137763.57143,4107.85714,13.531,0.40347
"169","Brazil","South America","PAHO",2020-08-16,FALSE,3340197,107852,212559.409,1571.4,3.2,50.7,23101,620,43539.28571,971.85714,20.483,0.45722,16.686,21.8,NA,11650910,420312,1018121.127,105396,2204,1144.4,3.6,41.3,136789.42857,4075,13.435,0.40025
"170","Brazil","South America","PAHO",2020-08-17,FALSE,3359570,108536,212559.409,1580.5,3.2,51.1,19373,684,43157.14286,969.14286,20.304,0.45594,16.686,21.8,NA,11740689,422543,1018121.127,89779,2231,1153.2,3.6,41.5,134097.85714,3984.85714,13.171,0.39139
"171","Brazil","South America","PAHO",2020-08-18,FALSE,3407354,109888,212559.409,1603,3.2,51.7,47784,1352,42532,980.28571,20.009,0.46118,16.686,21.8,NA,11874089,426902,1018121.127,133400,4359,1166.3,3.6,41.9,132760,3998.42857,13.04,0.39273
"172","Brazil","South America","PAHO",2020-08-19,FALSE,3456652,111100,212559.409,1626.2,3.2,52.3,49298,1212,41695.28571,985.57143,19.616,0.46367,16.686,21.8,NA,12016066,431232,1018121.127,141977,4330,1180.2,3.6,42.4,131747.57143,4007.85714,12.94,0.39365
"173","Brazil","South America","PAHO",2020-08-20,FALSE,3501975,112304,212559.409,1647.5,3.2,52.8,45323,1204,39585.57143,977.28571,18.623,0.45977,16.686,21.8,NA,12150692,435037,1018121.127,134626,3805,1193.4,3.6,42.7,128280.14286,3990.28571,12.6,0.39193
"174","Brazil","South America","PAHO",2020-08-21,FALSE,3532330,113358,212559.409,1661.8,3.2,53.3,30355,1054,36687.14286,976.42857,17.26,0.45937,16.686,21.8,NA,12271447,438800,1018121.127,120755,3763,1205.3,3.6,43.1,121464.71429,3396.85714,11.93,0.33364
"175","Brazil","South America","PAHO",2020-08-22,FALSE,3582362,114250,212559.409,1685.3,3.2,53.7,50032,892,37895.14286,1002.57143,17.828,0.47167,16.686,21.8,NA,12409148,442365,1018121.127,137701,3565,1218.8,3.6,43.4,123376.28571,3465.28571,12.118,0.34036
"176","Brazil","South America","PAHO",2020-08-23,FALSE,3605783,114744,212559.409,1696.4,3.2,54,23421,494,37940.85714,984.57143,17.85,0.4632,16.686,21.8,NA,12502302,444486,1018121.127,93154,2121,1228,3.6,43.7,121627.42857,3453.42857,11.946,0.3392
"177","Brazil","South America","PAHO",2020-08-24,FALSE,3622861,115309,212559.409,1704.4,3.2,54.2,17078,565,37613,967.57143,17.695,0.4552,16.686,21.8,NA,12596662,446982,1018121.127,94360,2496,1237.2,3.5,43.9,122281.85714,3491.28571,12.011,0.34291
"178","Brazil","South America","PAHO",2020-08-25,FALSE,3669995,116580,212559.409,1726.6,3.2,54.8,47134,1271,37520.14286,956,17.652,0.44976,16.686,21.8,NA,12723421,451054,1018121.127,126759,4072,1249.7,3.5,44.3,121333.14286,3450.28571,11.917,0.33889
"179","Brazil","South America","PAHO",2020-08-26,FALSE,3717156,117665,212559.409,1748.8,3.2,55.4,47161,1085,37214.85714,937.85714,17.508,0.44122,16.686,21.8,NA,12859410,455059,1018121.127,135989,4005,1263.1,3.5,44.7,120477.71429,3403.85714,11.833,0.33433
"180","Brazil","South America","PAHO",2020-08-27,FALSE,3761391,118649,212559.409,1769.6,3.2,55.8,44235,984,37059.42857,906.42857,17.435,0.42644,16.686,21.8,NA,12990931,458661,1018121.127,131521,3602,1276,3.5,45,120034.14286,3374.85714,11.79,0.33148
"181","Brazil","South America","PAHO",2020-08-28,FALSE,3804803,119504,212559.409,1790,3.1,56.2,43412,855,38924.71429,878,18.312,0.41306,16.686,21.8,NA,13127195,462003,1018121.127,136264,3342,1289.4,3.5,45.4,122249.71429,3314.71429,12.007,0.32557
"182","Brazil","South America","PAHO",2020-08-29,FALSE,3846153,120262,212559.409,1809.4,3.1,56.6,41350,758,37684.42857,858.85714,17.729,0.40406,16.686,21.8,NA,13256720,465273,1018121.127,129525,3270,1302.1,3.5,45.7,121081.71429,3272.57143,11.893,0.32143
"183","Brazil","South America","PAHO",2020-08-30,FALSE,3862311,120828,212559.409,1817.1,3.1,56.8,16158,566,36646.85714,869.14286,17.241,0.40889,16.686,21.8,NA,13344244,467219,1018121.127,87524,1946,1310.7,3.5,45.9,120277.42857,3247.57143,11.814,0.31898
"184","Brazil","South America","PAHO",2020-08-31,FALSE,3908272,121381,212559.409,1838.7,3.1,57.1,45961,553,40773,867.42857,19.182,0.40809,16.686,21.8,NA,13462799,469546,1018121.127,118555,2327,1322.3,3.5,46.1,123733.85714,3223.42857,12.153,0.31661
"185","Brazil","South America","PAHO",2020-09-01,FALSE,3950931,122596,212559.409,1858.7,3.1,57.7,42659,1215,40133.71429,859.42857,18.881,0.40432,16.686,21.8,NA,13586646,473716,1018121.127,123847,4170,1334.5,3.5,46.5,123317.85714,3237.42857,12.112,0.31798
"186","Brazil","South America","PAHO",2020-09-02,FALSE,3997865,123780,212559.409,1880.8,3.1,58.2,46934,1184,40101.28571,873.57143,18.866,0.41098,16.686,21.8,NA,13715146,477452,1018121.127,128500,3736,1347.1,3.5,46.9,122248,3199,12.007,0.31421
"187","Brazil","South America","PAHO",2020-09-03,FALSE,4041638,124614,212559.409,1901.4,3.1,58.6,43773,834,40035.28571,852.14286,18.835,0.4009,16.686,21.8,NA,13839816,480727,1018121.127,124670,3275,1359.3,3.5,47.2,121269.28571,3152.28571,11.911,0.30962
"188","Brazil","South America","PAHO",2020-09-04,FALSE,4091801,125502,212559.409,1925,3.1,59,50163,888,40999.71429,856.85714,19.289,0.40311,16.686,21.8,NA,13988112,484257,1018121.127,148296,3530,1373.9,3.5,47.6,122988.14286,3179.14286,12.08,0.31226
"189","Brazil","South America","PAHO",2020-09-05,FALSE,4123000,126203,212559.409,1939.7,3.1,59.4,31199,701,39549.57143,848.71429,18.606,0.39928,16.686,21.8,NA,14105831,487045,1018121.127,117719,2788,1385.5,3.5,47.8,121301.57143,3110.28571,11.914,0.30549
"190","Brazil","South America","PAHO",2020-09-06,FALSE,4137521,126650,212559.409,1946.5,3.1,59.6,14521,447,39315.71429,831.71429,18.496,0.39129,16.686,21.8,NA,14185324,488763,1018121.127,79493,1718,1393.3,3.4,48,120154.28571,3077.71429,11.802,0.30229
"191","Brazil","South America","PAHO",2020-09-07,FALSE,4147794,126960,212559.409,1951.4,3.1,59.7,10273,310,34217.42857,797,16.098,0.37495,16.686,21.8,NA,14244125,495898,1018121.127,58801,7135,1399.1,3.5,48.7,111618,3764.57143,10.963,0.36976
"192","Brazil","South America","PAHO",2020-09-08,FALSE,4162073,127464,212559.409,1958.1,3.1,60,14279,504,30163.14286,695.42857,14.19,0.32717,16.686,21.8,NA,14322342,498425,1018121.127,78217,2527,1406.7,3.5,49,105099.42857,3529.85714,10.323,0.3467
"193","Brazil","South America","PAHO",2020-09-09,FALSE,4197889,128539,212559.409,1974.9,3.1,60.5,35816,1075,28574.85714,679.85714,13.443,0.31984,16.686,21.8,NA,14431864,502123,1018121.127,109522,3698,1417.5,3.5,49.3,102388.28571,3524.42857,10.057,0.34617
"194","Brazil","South America","PAHO",2020-09-10,FALSE,4238446,129522,212559.409,1994,3.1,60.9,40557,983,28115.42857,701.14286,13.227,0.32986,16.686,21.8,NA,14550044,505487,1018121.127,118180,3364,1429.1,3.5,49.6,101461.14286,3537.14286,9.966,0.34742
"195","Brazil","South America","PAHO",2020-09-11,FALSE,4282164,130396,212559.409,2014.6,3,61.3,43718,874,27194.71429,699.14286,12.794,0.32892,16.686,21.8,NA,14684185,509014,1018121.127,134141,3527,1442.3,3.5,50,99439,3536.71429,9.767,0.34738
"196","Brazil","South America","PAHO",2020-09-12,FALSE,4315687,131210,212559.409,2030.3,3,61.7,33523,814,27526.71429,715.28571,12.95,0.33651,16.686,21.8,NA,14801013,511645,1018121.127,116828,2631,1453.8,3.5,50.3,99311.71429,3514.28571,9.754,0.34517
"197","Brazil","South America","PAHO",2020-09-13,FALSE,4330455,131625,212559.409,2037.3,3,61.9,14768,415,27562,710.71429,12.967,0.33436,16.686,21.8,NA,14886571,513214,1018121.127,85558,1569,1462.2,3.4,50.4,100178.14286,3493,9.84,0.34308
"198","Brazil","South America","PAHO",2020-09-14,FALSE,4345610,132006,212559.409,2044.4,3,62.1,15155,381,28259.42857,720.85714,13.295,0.33913,16.686,21.8,NA,14971534,515197,1018121.127,84963,1983,1470.5,3.4,50.6,103915.57143,2757,10.207,0.27079
"199","Brazil","South America","PAHO",2020-09-15,FALSE,4382263,133119,212559.409,2061.7,3,62.6,36653,1113,31455.71429,807.85714,14.799,0.38006,16.686,21.8,NA,15084137,518897,1018121.127,112603,3700,1481.6,3.4,51,108827.85714,2924.57143,10.689,0.28725
"200","Brazil","South America","PAHO",2020-09-16,FALSE,4419083,134106,212559.409,2079,3,63.1,36820,987,31599.14286,795.28571,14.866,0.37415,16.686,21.8,NA,15198687,521935,1018121.127,114550,3038,1492.8,3.4,51.3,109546.14286,2830.28571,10.76,0.27799
"201","Brazil","South America","PAHO",2020-09-17,FALSE,4455386,134935,212559.409,2096.1,3,63.5,36303,829,30991.42857,773.28571,14.58,0.3638,16.686,21.8,NA,15319974,524775,1018121.127,121287,2840,1504.7,3.4,51.5,109990,2755.42857,10.803,0.27064
"202","Brazil","South America","PAHO",2020-09-18,FALSE,4495183,135793,212559.409,2114.8,3,63.9,39797,858,30431.28571,771,14.317,0.36272,16.686,21.8,NA,15449612,527759,1018121.127,129638,2984,1517.5,3.4,51.8,109346.71429,2677.85714,10.74,0.26302
"203","Brazil","South America","PAHO",2020-09-19,FALSE,4528240,136532,212559.409,2130.3,3,64.2,33057,739,30364.71429,760.28571,14.285,0.35768,16.686,21.8,NA,15564838,530609,1018121.127,115226,2850,1528.8,3.4,52.1,109117.85714,2709.14286,10.718,0.26609
"204","Brazil","South America","PAHO",2020-09-20,FALSE,4544629,136895,212559.409,2138.1,3,64.4,16389,363,30596.28571,752.85714,14.394,0.35419,16.686,21.8,NA,15652403,532125,1018121.127,87565,1516,1537.4,3.4,52.3,109404.57143,2701.57143,10.746,0.26535
"205","Brazil","South America","PAHO",2020-09-21,FALSE,4558040,137272,212559.409,2144.4,3,64.6,13411,377,30347.14286,752.28571,14.277,0.35392,16.686,21.8,NA,15750055,533933,1018121.127,97652,1808,1547,3.4,52.4,111217.28571,2676.57143,10.924,0.26289
"206","Brazil","South America","PAHO",2020-09-22,FALSE,4591364,138105,212559.409,2160,3,65,33324,833,29871.57143,712.28571,14.053,0.3351,16.686,21.8,NA,15855873,537120,1018121.127,105818,3187,1557.4,3.4,52.8,110248,2603.28571,10.829,0.2557
"207","Brazil","South America","PAHO",2020-09-23,FALSE,4591364,138105,212559.409,2160,3,65,0,0,24611.57143,571.28571,11.579,0.26877,16.686,21.8,NA,15937607,540031,1018121.127,81734,2911,1565.4,3.4,53,105560,2585.14286,10.368,0.25391
"208","Brazil","South America","PAHO",2020-09-24,FALSE,4657702,139808,212559.409,2191.2,3,65.8,66338,1703,28902.28571,696.14286,13.597,0.32751,16.686,21.8,NA,16092074,544140,1018121.127,154467,4109,1580.6,3.4,53.4,110300,2766.42857,10.834,0.27172
"209","Brazil","South America","PAHO",2020-09-25,FALSE,4689613,140537,212559.409,2206.3,3,66.1,31911,729,27775.71429,677.71429,13.067,0.31884,16.686,21.8,NA,16222238,547427,1018121.127,130164,3287,1593.4,3.4,53.8,110375.14286,2809.71429,10.841,0.27597
"210","Brazil","South America","PAHO",2020-09-26,FALSE,4717991,141406,212559.409,2219.6,3,66.5,28378,869,27107.28571,696.28571,12.753,0.32757,16.686,21.8,NA,16330012,550225,1018121.127,107774,2798,1603.9,3.4,54,109310.57143,2802.28571,10.736,0.27524
"211","Brazil","South America","PAHO",2020-09-27,FALSE,4732309,141741,212559.409,2226.3,3,66.7,14318,335,26811.42857,692.28571,12.614,0.32569,16.686,21.8,NA,16414955,551691,1018121.127,84943,1466,1612.3,3.4,54.2,108936,2795.14286,10.7,0.27454
"212","Brazil","South America","PAHO",2020-09-28,FALSE,4745464,142058,212559.409,2232.5,3,66.8,13155,317,26774.85714,683.71429,12.596,0.32166,16.686,21.8,NA,16495851,553346,1018121.127,80896,1655,1620.2,3.4,54.3,106542.28571,2773.28571,10.465,0.27239
"213","Brazil","South America","PAHO",2020-09-29,FALSE,4777522,142921,212559.409,2247.6,3,67.2,32058,863,26594,688,12.511,0.32367,16.686,21.8,NA,16607758,556557,1018121.127,111907,3211,1631.2,3.4,54.7,107412.14286,2776.71429,10.55,0.27273
"214","Brazil","South America","PAHO",2020-09-30,FALSE,4810935,143952,212559.409,2263.3,3,67.7,33413,1031,31367.28571,835.28571,14.757,0.39297,16.686,21.8,NA,16722207,559893,1018121.127,114449,3336,1642.5,3.3,55,112085.71429,2837.42857,11.009,0.27869
"215","Brazil","South America","PAHO",2020-10-01,FALSE,4847092,144680,212559.409,2280.3,3,68.1,36157,728,27055.71429,696,12.729,0.32744,16.686,21.8,NA,16843013,565841,1018121.127,120806,5948,1654.3,3.4,55.6,107277,3100.14286,10.537,0.3045
"216","Brazil","South America","PAHO",2020-10-02,FALSE,4847092,144680,212559.409,2280.3,3,68.1,0,0,22497,591.85714,10.584,0.27844,16.686,21.8,NA,16937766,568112,1018121.127,94753,2271,1663.6,3.4,55.8,102218.28571,2955,10.04,0.29024
"217","Brazil","South America","PAHO",2020-10-03,FALSE,4906833,145987,212559.409,2308.5,3,68.7,59741,1307,26977.42857,654.42857,12.692,0.30788,16.686,21.8,NA,17082407,571229,1018121.127,144641,3117,1677.8,3.3,56.1,107485,3000.57143,10.557,0.29472
"218","Brazil","South America","PAHO",2020-10-04,FALSE,4915289,146352,212559.409,2312.4,3,68.9,8456,365,26140,658.71429,12.298,0.3099,16.686,21.8,NA,17154405,572791,1018121.127,71998,1562,1684.9,3.3,56.3,105635.71429,3014.28571,10.376,0.29606
"219","Brazil","South America","PAHO",2020-10-05,FALSE,4927235,146675,212559.409,2318.1,3,69,11946,323,25967.28571,659.57143,12.216,0.3103,16.686,21.8,NA,17268791,577332,1018121.127,114386,4541,1696.1,3.3,56.7,110420,3426.57143,10.845,0.33656
"220","Brazil","South America","PAHO",2020-10-06,FALSE,4969141,147494,212559.409,2337.8,3,69.4,41906,819,27374.14286,653.28571,12.878,0.30734,16.686,21.8,NA,17394259,580150,1018121.127,125468,2818,1708.5,3.3,57,112357.28571,3370.42857,11.036,0.33104
"221","Brazil","South America","PAHO",2020-10-07,FALSE,5000694,148228,212559.409,2352.6,3,69.7,31553,734,27108.42857,610.85714,12.753,0.28738,16.686,21.8,NA,17518784,583068,1018121.127,124525,2918,1720.7,3.3,57.3,113796.71429,3310.71429,11.177,0.32518
"222","Brazil","South America","PAHO",2020-10-08,FALSE,5028444,148957,212559.409,2365.7,3,70.1,27750,729,25907.42857,611,12.188,0.28745,16.686,21.8,NA,17648732,586337,1018121.127,129948,3269,1733.5,3.3,57.6,115102.71429,2928,11.305,0.28759
"223","Brazil","South America","PAHO",2020-10-09,FALSE,5055888,149639,212559.409,2378.6,3,70.4,27444,682,29828,708.42857,14.033,0.33328,16.686,21.8,NA,17775557,589559,1018121.127,126825,3222,1745.9,3.3,57.9,119684.42857,3063.85714,11.755,0.30093
"224","Brazil","South America","PAHO",2020-10-10,FALSE,5082637,150198,212559.409,2391.2,3,70.7,26749,559,25114.85714,601.57143,11.815,0.28301,16.686,21.8,NA,17900195,591754,1018121.127,124638,2195,1758.2,3.3,58.1,116826.85714,2932.14286,11.475,0.288
"225","Brazil","South America","PAHO",2020-10-11,FALSE,5094979,150488,212559.409,2397,3,70.8,12342,290,25670,590.85714,12.077,0.27797,16.686,21.8,NA,17991770,593286,1018121.127,91575,1532,1767.2,3.3,58.3,119623.57143,2927.85714,11.749,0.28757
"226","Brazil","South America","PAHO",2020-10-12,FALSE,5103408,150689,212559.409,2400.9,3,70.9,8429,201,25167.57143,573.42857,11.84,0.26977,16.686,21.8,NA,18071138,594729,1018121.127,79368,1443,1774.9,3.3,58.4,114621,2485.28571,11.258,0.24411
"227","Brazil","South America","PAHO",2020-10-13,FALSE,5113628,150998,212559.409,2405.7,3,71,10220,309,20641,500.57143,9.711,0.2355,16.686,21.8,NA,18171054,597091,1018121.127,99916,2362,1784.8,3.3,58.6,110970.71429,2420.14286,10.9,0.23771
"228","Brazil","South America","PAHO",2020-10-14,FALSE,5140863,151747,212559.409,2418.6,3,71.4,27235,749,20024.14286,502.71429,9.42,0.23651,16.686,21.8,NA,18293806,600006,1018121.127,122752,2915,1796.8,3.3,58.9,110717.42857,2419.71429,10.875,0.23766
"229","Brazil","South America","PAHO",2020-10-15,FALSE,5169386,152460,212559.409,2432,2.9,71.7,28523,713,20134.57143,500.42857,9.472,0.23543,16.686,21.8,NA,18432600,602906,1018121.127,138794,2900,1810.5,3.3,59.2,111981.14286,2367,10.999,0.23249
"230","Brazil","South America","PAHO",2020-10-16,FALSE,5200300,153214,212559.409,2446.5,2.9,72.1,30914,754,20630.28571,510.71429,9.706,0.24027,16.686,21.8,NA,18574729,605818,1018121.127,142129,2912,1824.4,3.3,59.5,114167.42857,2322.71429,11.214,0.22814
"231","Brazil","South America","PAHO",2020-10-17,FALSE,5224362,153675,212559.409,2457.8,2.9,72.3,24062,461,20246.42857,496.71429,9.525,0.23368,16.686,21.8,NA,18692640,608232,1018121.127,117911,2414,1836,3.3,59.7,113206.42857,2354,11.119,0.23121
"232","Brazil","South America","PAHO",2020-10-18,FALSE,5224362,153675,212559.409,2457.8,2.9,72.3,0,0,18483.28571,455.28571,8.696,0.21419,16.686,21.8,NA,18777189,609321,1018121.127,84549,1089,1844.3,3.2,59.8,112202.71429,2290.71429,11.021,0.22499
"233","Brazil","South America","PAHO",2020-10-19,FALSE,5250727,154176,212559.409,2470.2,2.9,72.5,26365,501,21045.57143,498.14286,9.901,0.23435,16.686,21.8,NA,18906278,611270,1018121.127,129089,1949,1857,3.2,60,119305.71429,2363,11.718,0.23209
"234","Brazil","South America","PAHO",2020-10-20,FALSE,5273954,154837,212559.409,2481.2,2.9,72.8,23227,661,22903.71429,548.42857,10.775,0.25801,16.686,21.8,NA,19033070,614198,1018121.127,126792,2928,1869.4,3.2,60.3,123145.14286,2443.85714,12.095,0.24004
"235","Brazil","South America","PAHO",2020-10-21,FALSE,5298772,155403,212559.409,2492.8,2.9,73.1,24818,566,22558.42857,522.28571,10.613,0.24571,16.686,21.8,NA,19167863,617341,1018121.127,134793,3143,1882.7,3.2,60.6,124865.28571,2476.42857,12.264,0.24324
"236","Brazil","South America","PAHO",2020-10-22,FALSE,5323630,155900,212559.409,2504.5,2.9,73.3,24858,497,22034.85714,491.42857,10.366,0.2312,16.686,21.8,NA,19315925,619677,1018121.127,148062,2336,1897.2,3.2,60.9,126189.28571,2395.85714,12.394,0.23532
"237","Brazil","South America","PAHO",2020-10-23,FALSE,5353656,156471,212559.409,2518.7,2.9,73.6,30026,571,21908,465.28571,10.307,0.2189,16.686,21.8,NA,19468757,622837,1018121.127,152832,3160,1912.2,3.2,61.2,127718.28571,2431.28571,12.545,0.2388
"238","Brazil","South America","PAHO",2020-10-24,FALSE,5380635,156903,212559.409,2531.4,2.9,73.8,26979,432,22324.71429,461.14286,10.503,0.21695,16.686,21.8,NA,19619838,625359,1018121.127,151081,2522,1927.1,3.2,61.4,132456.85714,2446.71429,13.01,0.24032
"239","Brazil","South America","PAHO",2020-10-25,FALSE,5394128,157134,212559.409,2537.7,2.9,73.9,13493,231,24252.28571,494.14286,11.41,0.23247,16.686,21.8,NA,19732085,626891,1018121.127,112247,1532,1938.1,3.2,61.6,136413.71429,2510,13.399,0.24653
"240","Brazil","South America","PAHO",2020-10-26,FALSE,5409854,157397,212559.409,2545.1,2.9,74,15726,263,22732.42857,460.14286,10.695,0.21648,16.686,21.8,NA,19850283,628708,1018121.127,118198,1817,1949.7,3.2,61.8,134857.85714,2491.14286,13.246,0.24468
"241","Brazil","South America","PAHO",2020-10-27,FALSE,5439641,157946,212559.409,2559.1,2.9,74.3,29787,549,23669.57143,444.14286,11.136,0.20895,16.686,21.8,NA,19995506,631722,1018121.127,145223,3014,1964,3.2,62,137490.85714,2503.42857,13.504,0.24589
"242","Brazil","South America","PAHO",2020-10-28,FALSE,5468270,158456,212559.409,2572.6,2.9,74.5,28629,510,24214,436.14286,11.392,0.20519,16.686,21.8,NA,20144050,634493,1018121.127,148544,2771,1978.6,3.1,62.3,139455.28571,2450.28571,13.697,0.24067
"243","Brazil","South America","PAHO",2020-10-29,FALSE,5494376,158969,212559.409,2584.9,2.9,74.8,26106,513,24392.28571,438.42857,11.476,0.20626,16.686,21.8,NA,20304841,637290,1018121.127,160791,2797,1994.3,3.1,62.6,141273.71429,2516.14286,13.876,0.24714
"244","Brazil","South America","PAHO",2020-10-30,FALSE,5516658,159477,212559.409,2595.3,2.9,75,22282,508,23286,429.42857,10.955,0.20203,16.686,21.8,NA,20468945,640125,1018121.127,164104,2835,2010.5,3.1,62.9,142884,2469.71429,14.034,0.24258
"245","Brazil","South America","PAHO",2020-10-31,FALSE,5535605,159884,212559.409,2604.3,2.9,75.2,18947,407,22138.57143,425.85714,10.415,0.20035,16.686,21.8,NA,20616023,642521,1018121.127,147078,2396,2024.9,3.1,63.1,142312.14286,2451.71429,13.978,0.24081
"246","Brazil","South America","PAHO",2020-11-01,FALSE,5545705,160074,212559.409,2609,2.9,75.3,10100,190,21653.85714,420,10.187,0.19759,16.686,21.8,NA,20733447,643820,1018121.127,117424,1299,2036.4,3.1,63.2,143051.71429,2418.42857,14.051,0.23754
"247","Brazil","South America","PAHO",2020-11-02,FALSE,5554206,160253,212559.409,2613,2.9,75.4,8501,179,20621.71429,408,9.702,0.19195,16.686,21.8,NA,20857336,645537,1018121.127,123889,1717,2048.6,3.1,63.4,143864.71429,2404.14286,14.13,0.23614
"248","Brazil","South America","PAHO",2020-11-03,FALSE,5566049,160496,212559.409,2618.6,2.9,75.5,11843,243,18058.28571,364.28571,8.496,0.17138,16.686,21.8,NA,21027503,648659,1018121.127,170167,3122,2065.3,3.1,63.7,147428.14286,2419.57143,14.48,0.23765
"249","Brazil","South America","PAHO",2020-11-04,FALSE,5590025,161106,212559.409,2629.9,2.9,75.8,23976,610,17393.57143,378.57143,8.183,0.1781,16.686,21.8,NA,21197893,651996,1018121.127,170390,3337,2082.1,3.1,64,150549,2500.42857,14.787,0.24559
"250","Brazil","South America","PAHO",2020-11-05,FALSE,5590025,161106,212559.409,2629.9,2.9,75.8,0,0,13664.14286,305.28571,6.428,0.14362,16.686,21.8,NA,21363678,654410,1018121.127,165785,2414,2098.3,3.1,64.3,151262.42857,2445.71429,14.857,0.24022
"251","Brazil","South America","PAHO",2020-11-06,FALSE,5631181,162015,212559.409,2649.2,2.9,76.2,41156,909,16360.42857,362.57143,7.697,0.17057,16.686,21.8,NA,21571267,657862,1018121.127,207589,3452,2118.7,3,64.6,157474.57143,2533.85714,15.467,0.24888
"252","Brazil","South America","PAHO",2020-11-07,FALSE,5653561,162269,212559.409,2659.8,2.9,76.3,22380,254,16850.85714,340.71429,7.928,0.16029,16.686,21.8,NA,21759441,660294,1018121.127,188174,2432,2137.2,3,64.9,163345.42857,2539,16.044,0.24938
"253","Brazil","South America","PAHO",2020-11-08,FALSE,5664115,162397,212559.409,2664.7,2.9,76.4,10554,128,16915.71429,331.85714,7.958,0.15612,16.686,21.8,NA,21910956,661704,1018121.127,151515,1410,2152.1,3,65,168215.57143,2554.85714,16.522,0.25094
"254","Brazil","South America","PAHO",2020-11-09,FALSE,5675032,162628,212559.409,2669.9,2.9,76.5,10917,231,17260.85714,339.28571,8.12,0.15962,16.686,21.8,NA,22074598,663600,1018121.127,163642,1896,2168.2,3,65.2,173894.57143,2580.42857,17.08,0.25345
"255","Brazil","South America","PAHO",2020-11-10,FALSE,5699005,162802,212559.409,2681.1,2.9,76.6,23973,174,18993.71429,329.42857,8.936,0.15498,16.686,21.8,NA,22272299,666455,1018121.127,197701,2855,2187.6,3,65.5,177828,2542.28571,17.466,0.2497
"256","Brazil","South America","PAHO",2020-11-11,FALSE,5747660,163368,212559.409,2704,2.8,76.9,48655,566,22519.28571,323.14286,10.594,0.15202,16.686,21.8,NA,22505701,669842,1018121.127,233402,3387,2210.5,3,65.8,186829.71429,2549.42857,18.35,0.25041
"257","Brazil","South America","PAHO",2020-11-12,FALSE,5781582,164281,212559.409,2720,2.8,77.3,33922,913,27365.28571,453.57143,12.874,0.21339,16.686,21.8,NA,22742770,673303,1018121.127,237069,3461,2233.8,3,66.1,197013.14286,2699,19.351,0.2651
"258","Brazil","South America","PAHO",2020-11-13,FALSE,5810652,164737,212559.409,2733.7,2.8,77.5,29070,456,25638.71429,388.85714,12.062,0.18294,16.686,21.8,NA,22991594,676213,1018121.127,248824,2910,2258.2,2.9,66.4,202903.85714,2621.57143,19.929,0.25749
"259","Brazil","South America","PAHO",2020-11-14,FALSE,5848959,165658,212559.409,2751.7,2.8,77.9,38307,921,27914,484.14286,13.132,0.22777,16.686,21.8,NA,23234836,679711,1018121.127,243242,3498,2282.1,2.9,66.8,210770.71429,2773.85714,20.702,0.27245
"260","Brazil","South America","PAHO",2020-11-15,FALSE,5863093,165798,212559.409,2758.3,2.8,78,14134,140,28425.42857,485.85714,13.373,0.22857,16.686,21.8,NA,23413480,681333,1018121.127,178644,1622,2299.7,2.9,66.9,214646.28571,2804.14286,21.083,0.27542
"261","Brazil","South America","PAHO",2020-11-16,FALSE,5876464,166014,212559.409,2764.6,2.8,78.1,13371,216,28776,483.71429,13.538,0.22757,16.686,21.8,NA,23616564,683362,1018121.127,203084,2029,2319.6,2.9,67.1,220280.85714,2823.14286,21.636,0.27729
"262","Brazil","South America","PAHO",2020-11-17,FALSE,5911758,166699,212559.409,2781.2,2.8,78.4,35294,685,30393.28571,556.71429,14.299,0.26191,16.686,21.8,NA,23842871,686641,1018121.127,226307,3279,2341.9,2.9,67.4,224367.42857,2883.71429,22.037,0.28324
"263","Brazil","South America","PAHO",2020-11-18,FALSE,5945849,167455,212559.409,2797.3,2.8,78.8,34091,756,28312.71429,583.85714,13.32,0.27468,16.686,21.8,NA,24082204,690530,1018121.127,239333,3889,2365.4,2.9,67.8,225214.71429,2955.42857,22.121,0.29028
"264","Brazil","South America","PAHO",2020-11-19,FALSE,5981767,168061,212559.409,2814.2,2.8,79.1,35918,606,28597.85714,540,13.454,0.25405,16.686,21.8,NA,24341485,694353,1018121.127,259281,3823,2390.8,2.9,68.2,228387.85714,3007.14286,22.432,0.29536
"265","Brazil","South America","PAHO",2020-11-20,FALSE,6020164,168613,212559.409,2832.2,2.8,79.3,38397,552,29930.28571,553.71429,14.081,0.2605,16.686,21.8,NA,24616244,698325,1018121.127,274759,3972,2417.8,2.8,68.6,232092.85714,3158.85714,22.796,0.31026
"266","Brazil","South America","PAHO",2020-11-21,FALSE,6052786,168989,212559.409,2847.6,2.8,79.5,32622,376,29118.14286,475.85714,13.699,0.22387,16.686,21.8,NA,24865125,701266,1018121.127,248881,2941,2442.3,2.8,68.9,232898.42857,3079.28571,22.875,0.30245
"267","Brazil","South America","PAHO",2020-11-22,FALSE,6071401,169183,212559.409,2856.3,2.8,79.6,18615,194,29758.28571,483.57143,14,0.2275,16.686,21.8,NA,25058729,703151,1018121.127,193604,1885,2461.3,2.8,69.1,235035.57143,3116.85714,23.085,0.30614
"268","Brazil","South America","PAHO",2020-11-23,FALSE,6087608,169485,212559.409,2864,2.8,79.7,16207,302,30163.42857,495.85714,14.191,0.23328,16.686,21.8,NA,25281139,705214,1018121.127,222410,2063,2483.1,2.8,69.3,237796.42857,3121.71429,23.356,0.30662
"269","Brazil","South America","PAHO",2020-11-24,FALSE,6118708,170115,212559.409,2878.6,2.8,80,31100,630,29564.28571,488,13.909,0.22958,16.686,21.8,NA,25523494,709616,1018121.127,242355,4402,2506.9,2.8,69.7,240089,3282.14286,23.582,0.32237
"270","Brazil","South America","PAHO",2020-11-25,FALSE,6166606,170769,212559.409,2901.1,2.8,80.3,47898,654,31536.71429,473.42857,14.837,0.22273,16.686,21.8,NA,25795597,714112,1018121.127,272103,4496,2533.6,2.8,70.1,244770.42857,3368.85714,24.041,0.33089
"271","Brazil","South America","PAHO",2020-11-26,FALSE,6204220,171460,212559.409,2918.8,2.8,80.7,37614,691,31779,485.57143,14.951,0.22844,16.686,21.8,NA,25986000,717370,1018121.127,190403,3258,2552.3,2.8,70.5,234930.71429,3288.14286,23.075,0.32296
"272","Brazil","South America","PAHO",2020-11-27,FALSE,6238350,171974,212559.409,2934.9,2.8,80.9,34130,514,31169.42857,480.14286,14.664,0.22589,16.686,21.8,NA,26263255,720128,1018121.127,277255,2758,2579.6,2.7,70.7,235287.28571,3114.71429,23.11,0.30593
"273","Brazil","South America","PAHO",2020-11-28,FALSE,6290272,172561,212559.409,2959.3,2.7,81.2,51922,587,33926.57143,510.28571,15.961,0.24007,16.686,21.8,NA,26526703,723712,1018121.127,263448,3584,2605.5,2.7,71.1,237368.28571,3206.57143,23.314,0.31495
"274","Brazil","South America","PAHO",2020-11-29,FALSE,6314740,172833,212559.409,2970.8,2.7,81.3,24468,272,34762.71429,521.42857,16.354,0.24531,16.686,21.8,NA,26724408,725589,1018121.127,197705,1877,2624.9,2.7,71.3,237954.14286,3205.42857,23.372,0.31484
"275","Brazil","South America","PAHO",2020-11-30,TRUE,6335878,173120,212559.409,2980.8,2.7,81.4,21138,287,35467.14286,519.28571,16.686,0.2443,16.686,21.8,NA,26939847,728065,1018121.127,215439,2476,2646,2.7,71.5,236958.28571,3264.42857,23.274,0.32063
